Guid,LastName,FirstName,Salutation,OtherStreet,OtherCity,OtherState,OtherPostalCode,OtherCountry,OtherLatitude,OtherLongitude,OtherGeocodeAccuracy,MailingStreet,MailingCity,MailingState,MailingPostalCode,MailingCountry,MailingLatitude,MailingLongitude,MailingGeocodeAccuracy,Phone,Fax,MobilePhone,HomePhone,OtherPhone,AssistantPhone,Email,Title,Department,AssistantName,LeadSource,Birthdate,Description,EmailBouncedReason,EmailBouncedDate,Jigsaw
4209783f-4054-42c3-9f54-7948bc5a2410,surname,name,Ms.,#N/A,#N/A,#N/A,#N/A,#N/A,#N/A,#N/A,#N/A,#N/A,#N/A,#N/A,#N/A,#N/A,#N/A,#N/A,#N/A,123456,#N/A,#N/A,#N/A,#N/A,#N/A,#N/A,#N/A,#N/A,#N/A,#N/A,#N/A,#N/A,#N/A,#N/A,#N/A
3f902499-04d0-4f17-8086-391d2e16ddd2,X,Andreea,Ms.,#N/A,#N/A,#N/A,#N/A,#N/A,#N/A,#N/A,#N/A,#N/A,#N/A,#N/A,#N/A,#N/A,#N/A,#N/A,#N/A,353465768,#N/A,#N/A,#N/A,#N/A,#N/A,#N/A,#N/A,#N/A,#N/A,#N/A,#N/A,#N/A,#N/A,#N/A,#N/A
08165152-2670-40aa-aad7-2b35ee32aee7,X,Andreea,Ms.,#N/A,#N/A,#N/A,#N/A,#N/A,#N/A,#N/A,#N/A,#N/A,#N/A,#N/A,#N/A,#N/A,#N/A,#N/A,#N/A,353465768,#N/A,#N/A,#N/A,#N/A,#N/A,#N/A,#N/A,#N/A,#N/A,#N/A,#N/A,#N/A,#N/A,#N/A,#N/A
7f82565d-f2a6-447e-9f6c-e5c6cd08bb5a,two,one,Ms.,#N/A,#N/A,#N/A,#N/A,#N/A,#N/A,#N/A,#N/A,#N/A,#N/A,#N/A,#N/A,#N/A,#N/A,#N/A,#N/A,#N/A,#N/A,#N/A,#N/A,#N/A,#N/A,#N/A,three,#N/A,#N/A,#N/A,#N/A,#N/A,#N/A,#N/A,#N/A
c57599dc-eb83-4763-bc5d-4486b446bfda,Ioana,Maria,Ms.,#N/A,#N/A,#N/A,#N/A,#N/A,#N/A,#N/A,#N/A,#N/A,#N/A,#N/A,#N/A,#N/A,#N/A,#N/A,#N/A,#N/A,#N/A,#N/A,#N/A,#N/A,#N/A,#N/A,#N/A,#N/A,#N/A,#N/A,#N/A,#N/A,#N/A,#N/A,#N/A
0e847229-210a-4962-8c27-e40e02522c11,two,one,Ms.,#N/A,#N/A,#N/A,#N/A,#N/A,#N/A,#N/A,#N/A,#N/A,#N/A,#N/A,#N/A,#N/A,#N/A,#N/A,#N/A,#N/A,#N/A,#N/A,#N/A,#N/A,#N/A,#N/A,three,#N/A,#N/A,#N/A,#N/A,#N/A,#N/A,#N/A,#N/A
f7b6b784-930e-4fad-ac4a-9084228d498a,White,Carole,#N/A,#N/A,#N/A,#N/A,#N/A,#N/A,#N/A,#N/A,#N/A,150 Chestnut Street,Toronto,Ontario,L4B 1Y3,Canada,#N/A,#N/A,#N/A,(415) 555-1212,#N/A,#N/A,#N/A,#N/A,#N/A,info@salesforce.com.invalid.invalid,VP Sales,#N/A,#N/A,Employee Referral,#N/A,Carole White is looking at moving forward with our products and will act as the champion for us.,#N/A,#N/A,#N/A
c1e2f469-bbba-4b99-84db-4508334ecfb4,Ioana,Maria,Ms.,#N/A,#N/A,#N/A,#N/A,#N/A,#N/A,#N/A,#N/A,#N/A,#N/A,#N/A,#N/A,#N/A,#N/A,#N/A,#N/A,#N/A,#N/A,#N/A,#N/A,#N/A,#N/A,#N/A,#N/A,#N/A,#N/A,#N/A,#N/A,#N/A,#N/A,#N/A,#N/A
60753872-88a5-4217-bb55-1bef56ec1917,X,PErson,#N/A,#N/A,#N/A,#N/A,#N/A,#N/A,#N/A,#N/A,#N/A,#N/A,#N/A,#N/A,#N/A,#N/A,#N/A,#N/A,#N/A,#N/A,#N/A,#N/A,#N/A,#N/A,#N/A,#N/A,#N/A,#N/A,#N/A,#N/A,#N/A,#N/A,#N/A,#N/A,#N/A
2ba2d039-eb96-42f8-a682-503d676a35a2,Contact,Validate,Mr.,#N/A,#N/A,#N/A,#N/A,#N/A,#N/A,#N/A,#N/A,#N/A,#N/A,#N/A,#N/A,#N/A,#N/A,#N/A,#N/A,123,#N/A,#N/A,#N/A,#N/A,#N/A,#N/A,#N/A,#N/A,#N/A,#N/A,#N/A,#N/A,#N/A,#N/A,#N/A
3952ca03-6b23-40c2-a961-acfe4019b71c,Jones,Howard,#N/A,#N/A,#N/A,#N/A,#N/A,#N/A,#N/A,#N/A,#N/A,10 Main Rd.,New York,NY,31349,USA,#N/A,#N/A,#N/A,(212) 555-5555,(212) 555-5555,#N/A,#N/A,#N/A,#N/A,info@salesforce.com.invalid,Buyer,#N/A,#N/A,#N/A,#N/A,#N/A,#N/A,#N/A,#N/A
ad92267a-edce-403c-b326-486c83b4844e,X,Luda,Ms.,#N/A,#N/A,#N/A,#N/A,#N/A,#N/A,#N/A,#N/A,#N/A,#N/A,#N/A,#N/A,#N/A,#N/A,#N/A,#N/A,123456,#N/A,#N/A,#N/A,#N/A,#N/A,#N/A,#N/A,#N/A,#N/A,#N/A,#N/A,#N/A,#N/A,#N/A,#N/A
c4f63091-c144-4b09-8825-d84036397578,White,Carole,#N/A,#N/A,#N/A,#N/A,#N/A,#N/A,#N/A,#N/A,#N/A,150 Chestnut Street,Toronto,Ontario,L4B 1Y3,Canada,#N/A,#N/A,#N/A,(415) 555-1212,#N/A,#N/A,#N/A,#N/A,#N/A,info@salesforce.com.invalid,VP Sales,#N/A,#N/A,Employee Referral,#N/A,Carole White is looking at moving forward with our products and will act as the champion for us.,#N/A,#N/A,#N/A
520a75aa-d111-489a-9e6a-dc7759c08072,X,Luda,Ms.,#N/A,#N/A,#N/A,#N/A,#N/A,#N/A,#N/A,#N/A,#N/A,#N/A,#N/A,#N/A,#N/A,#N/A,#N/A,#N/A,123456,#N/A,#N/A,#N/A,#N/A,#N/A,#N/A,#N/A,#N/A,#N/A,#N/A,#N/A,#N/A,#N/A,#N/A,#N/A
2cec1949-1e4a-46d1-a128-4cec81eb74b5,Minor,Geoff,#N/A,150 Chestnut Street,Toronto,Ontario,L4B 1Y3,Canada,#N/A,#N/A,#N/A,150 Chestnut Street,Toronto,Ontario,L4B 1Y3,Canada,#N/A,#N/A,#N/A,(415) 555-1212,#N/A,#N/A,#N/A,#N/A,#N/A,info@salesforce.com.invalid.invalid,President,#N/A,#N/A,#N/A,#N/A,#N/A,#N/A,#N/A,#N/A
f0df27cb-ac02-4799-a17d-6ffb8495670b,Amos,Jon,#N/A,#N/A,#N/A,#N/A,#N/A,#N/A,#N/A,#N/A,#N/A,150 Chestnut Street,Toronto,Ontario,L4B 1Y3,Canada,#N/A,#N/A,#N/A,(905) 555-1212,(555) 555-1212,#N/A,#N/A,#N/A,#N/A,info@salesforce.com.invalid.invalid,Sales Manager,#N/A,#N/A,#N/A,#N/A,#N/A,#N/A,#N/A,#N/A
8aa61edc-4767-49ce-99eb-a550b0409511,Ioana,Maria,Ms.,#N/A,#N/A,#N/A,#N/A,#N/A,#N/A,#N/A,#N/A,#N/A,#N/A,#N/A,#N/A,#N/A,#N/A,#N/A,#N/A,#N/A,#N/A,#N/A,#N/A,#N/A,#N/A,#N/A,#N/A,#N/A,#N/A,#N/A,#N/A,#N/A,#N/A,#N/A,#N/A
7b619907-092c-43cd-a195-5701df85f8f7,Surname,Name,Dr.,#N/A,#N/A,#N/A,#N/A,#N/A,#N/A,#N/A,#N/A,#N/A,#N/A,#N/A,#N/A,#N/A,#N/A,#N/A,#N/A,#N/A,#N/A,#N/A,#N/A,#N/A,#N/A,#N/A,#N/A,#N/A,#N/A,#N/A,#N/A,#N/A,#N/A,#N/A,#N/A
f81ae0e7-e57a-48d8-9c86-6ff8ef5b6741,Minor,Geoff,#N/A,150 Chestnut Street,Toronto,Ontario,L4B 1Y3,Canada,#N/A,#N/A,#N/A,150 Chestnut Street,Toronto,Ontario,L4B 1Y3,Canada,#N/A,#N/A,#N/A,(415) 555-1212,#N/A,#N/A,#N/A,#N/A,#N/A,info@salesforce.com.invalid,President,#N/A,#N/A,#N/A,#N/A,#N/A,#N/A,#N/A,#N/A
53501798-c36a-46cf-af53-e5a40af4717a,Surname,Name,Dr.,#N/A,#N/A,#N/A,#N/A,#N/A,#N/A,#N/A,#N/A,#N/A,#N/A,#N/A,#N/A,#N/A,#N/A,#N/A,#N/A,#N/A,#N/A,#N/A,#N/A,#N/A,#N/A,#N/A,#N/A,#N/A,#N/A,#N/A,#N/A,#N/A,#N/A,#N/A,#N/A
de3b62d9-216e-4376-a9dd-47a63ef78917,X,PErson,#N/A,#N/A,#N/A,#N/A,#N/A,#N/A,#N/A,#N/A,#N/A,#N/A,#N/A,#N/A,#N/A,#N/A,#N/A,#N/A,#N/A,#N/A,#N/A,#N/A,#N/A,#N/A,#N/A,#N/A,#N/A,#N/A,#N/A,#N/A,#N/A,#N/A,#N/A,#N/A,#N/A
22c49c57-55f8-4e2a-92a9-c8943230d9e4,Doe,John,#N/A,#N/A,#N/A,#N/A,#N/A,#N/A,#N/A,#N/A,#N/A,#N/A,#N/A,#N/A,#N/A,#N/A,#N/A,#N/A,#N/A,#N/A,#N/A,#N/A,#N/A,#N/A,#N/A,#N/A,#N/A,#N/A,#N/A,#N/A,#N/A,#N/A,#N/A,#N/A,#N/A
65eab2f3-5482-45e4-b1d9-d7a75c49b612,X,PErson,#N/A,#N/A,#N/A,#N/A,#N/A,#N/A,#N/A,#N/A,#N/A,#N/A,#N/A,#N/A,#N/A,#N/A,#N/A,#N/A,#N/A,#N/A,#N/A,#N/A,#N/A,#N/A,#N/A,#N/A,#N/A,#N/A,#N/A,#N/A,#N/A,#N/A,#N/A,#N/A,#N/A
b8fb9b44-8412-43c4-a836-f4b167c7e1ce,Ioana,Maria,Ms.,#N/A,#N/A,#N/A,#N/A,#N/A,#N/A,#N/A,#N/A,#N/A,#N/A,#N/A,#N/A,#N/A,#N/A,#N/A,#N/A,#N/A,#N/A,#N/A,#N/A,#N/A,#N/A,#N/A,#N/A,#N/A,#N/A,#N/A,#N/A,#N/A,#N/A,#N/A,#N/A
35b1bfa0-7f23-46c5-afb8-aeed465ddc48,X,PErson,#N/A,#N/A,#N/A,#N/A,#N/A,#N/A,#N/A,#N/A,#N/A,#N/A,#N/A,#N/A,#N/A,#N/A,#N/A,#N/A,#N/A,#N/A,#N/A,#N/A,#N/A,#N/A,#N/A,#N/A,#N/A,#N/A,#N/A,#N/A,#N/A,#N/A,#N/A,#N/A,#N/A
9502aef4-06a7-4605-97eb-c86717379ba5,X,PErson,#N/A,#N/A,#N/A,#N/A,#N/A,#N/A,#N/A,#N/A,#N/A,#N/A,#N/A,#N/A,#N/A,#N/A,#N/A,#N/A,#N/A,#N/A,#N/A,#N/A,#N/A,#N/A,#N/A,#N/A,#N/A,#N/A,#N/A,#N/A,#N/A,#N/A,#N/A,#N/A,#N/A
bc767d0e-d315-4f9c-a653-04e66fe9b147,Ioana,Maria,Ms.,#N/A,#N/A,#N/A,#N/A,#N/A,#N/A,#N/A,#N/A,#N/A,#N/A,#N/A,#N/A,#N/A,#N/A,#N/A,#N/A,#N/A,#N/A,#N/A,#N/A,#N/A,#N/A,#N/A,#N/A,#N/A,#N/A,#N/A,#N/A,#N/A,#N/A,#N/A,#N/A
dcdf2690-964b-4ae1-96d4-d02681123269,Stamos,Edward,#N/A,10 Main Rd.,New York City,NY,31349,USA,#N/A,#N/A,#N/A,10 Main Rd.,New York City,NY,31349,USA,#N/A,#N/A,#N/A,(212) 555-5555,(212) 555-5555,#N/A,#N/A,#N/A,#N/A,info@salesforce.com.invalid,President and CEO,#N/A,#N/A,#N/A,#N/A,#N/A,#N/A,#N/A,#N/A
f74cb579-ac21-492a-bc31-a0909ef0b199,Ioana,Maria,Ms.,#N/A,#N/A,#N/A,#N/A,#N/A,#N/A,#N/A,#N/A,#N/A,#N/A,#N/A,#N/A,#N/A,#N/A,#N/A,#N/A,#N/A,#N/A,#N/A,#N/A,#N/A,#N/A,#N/A,#N/A,#N/A,#N/A,#N/A,#N/A,#N/A,#N/A,#N/A,#N/A
fdc1be7e-c536-4c00-a5ac-48cce5694cbc,X,PErson,#N/A,#N/A,#N/A,#N/A,#N/A,#N/A,#N/A,#N/A,#N/A,#N/A,#N/A,#N/A,#N/A,#N/A,#N/A,#N/A,#N/A,#N/A,#N/A,#N/A,#N/A,#N/A,#N/A,#N/A,#N/A,#N/A,#N/A,#N/A,#N/A,#N/A,#N/A,#N/A,#N/A
3acd9615-0c38-4e4e-95ce-ba8fe54f6dbd,surname,name,Ms.,#N/A,#N/A,#N/A,#N/A,#N/A,#N/A,#N/A,#N/A,#N/A,#N/A,#N/A,#N/A,#N/A,#N/A,#N/A,#N/A,123456,#N/A,#N/A,#N/A,#N/A,#N/A,#N/A,#N/A,#N/A,#N/A,#N/A,#N/A,#N/A,#N/A,#N/A,#N/A
99aa93d2-7e97-4aa5-bf39-b0d648c06ffe,X,Andreea,Ms.,#N/A,#N/A,#N/A,#N/A,#N/A,#N/A,#N/A,#N/A,#N/A,#N/A,#N/A,#N/A,#N/A,#N/A,#N/A,#N/A,353465768,#N/A,#N/A,#N/A,#N/A,#N/A,#N/A,#N/A,#N/A,#N/A,#N/A,#N/A,#N/A,#N/A,#N/A,#N/A
e1606215-0fad-4191-be07-64aef7a9ed64,X,PErson,#N/A,#N/A,#N/A,#N/A,#N/A,#N/A,#N/A,#N/A,#N/A,#N/A,#N/A,#N/A,#N/A,#N/A,#N/A,#N/A,#N/A,#N/A,#N/A,#N/A,#N/A,#N/A,#N/A,#N/A,#N/A,#N/A,#N/A,#N/A,#N/A,#N/A,#N/A,#N/A,#N/A
025cc683-d0e2-4423-85fb-3a2369ec337d,Ioana,Maria,Ms.,#N/A,#N/A,#N/A,#N/A,#N/A,#N/A,#N/A,#N/A,#N/A,#N/A,#N/A,#N/A,#N/A,#N/A,#N/A,#N/A,#N/A,#N/A,#N/A,#N/A,#N/A,#N/A,#N/A,#N/A,#N/A,#N/A,#N/A,#N/A,#N/A,#N/A,#N/A,#N/A
222feca8-1717-4c41-8935-e602edcd2f96,Benioff,Marc,Mr.,"The Landmark @ One Market, Suite 300",San Francisco,CA,94105,USA,#N/A,#N/A,#N/A,"The Landmark @ One Market, Suite 300",San Francisco,CA,94105,USA,#N/A,#N/A,#N/A,(415) 901-7000,(415) 901-7040,#N/A,#N/A,#N/A,#N/A,info@salesforce.com.invalid.invalid,Executive Officer,#N/A,#N/A,#N/A,#N/A,"Marc R. Benioff is chairman and CEO of salesforce.com. He founded the company in March 1999 with the idea to create an information utility that would make traditional enterprise software technology and business models obsolete. A veteran of 25 years in the software industry, he is now regarded as a pioneer of ""The End Of Software,"" demonstrating how on-demand applications can replace traditional software to deliver immediate benefit at reduced risk. In May 2003, Benioff was appointed by President George W. Bush as co-chair of the President's Information Technology Advisory Committee (PITAC), a bi-partisan organization of business leaders and academics charged to advise The President on how to maintain the United States' preeminent position in information technology.",#N/A,#N/A,#N/A
5f0e9e78-8eab-4570-8910-84179c5b6e63,Ioana,Maria,Ms.,#N/A,#N/A,#N/A,#N/A,#N/A,#N/A,#N/A,#N/A,#N/A,#N/A,#N/A,#N/A,#N/A,#N/A,#N/A,#N/A,#N/A,#N/A,#N/A,#N/A,#N/A,#N/A,#N/A,#N/A,#N/A,#N/A,#N/A,#N/A,#N/A,#N/A,#N/A,#N/A
8c427366-5f0b-4736-93e9-d2a7812fd437,Surname,Name,Dr.,#N/A,#N/A,#N/A,#N/A,#N/A,#N/A,#N/A,#N/A,#N/A,#N/A,#N/A,#N/A,#N/A,#N/A,#N/A,#N/A,#N/A,#N/A,#N/A,#N/A,#N/A,#N/A,#N/A,#N/A,#N/A,#N/A,#N/A,#N/A,#N/A,#N/A,#N/A,#N/A
14808cee-b29c-430e-8f96-07ae133c2008,X,Luda,Ms.,#N/A,#N/A,#N/A,#N/A,#N/A,#N/A,#N/A,#N/A,#N/A,#N/A,#N/A,#N/A,#N/A,#N/A,#N/A,#N/A,123456,#N/A,#N/A,#N/A,#N/A,#N/A,#N/A,#N/A,#N/A,#N/A,#N/A,#N/A,#N/A,#N/A,#N/A,#N/A
14c8b8fa-701a-48fc-9f13-e04a09312684,two,one,Ms.,#N/A,#N/A,#N/A,#N/A,#N/A,#N/A,#N/A,#N/A,#N/A,#N/A,#N/A,#N/A,#N/A,#N/A,#N/A,#N/A,#N/A,#N/A,#N/A,#N/A,#N/A,#N/A,#N/A,three,#N/A,#N/A,#N/A,#N/A,#N/A,#N/A,#N/A,#N/A
e7913033-271e-47e9-870c-89bf8ec3a0c3,surname,name,Ms.,#N/A,#N/A,#N/A,#N/A,#N/A,#N/A,#N/A,#N/A,#N/A,#N/A,#N/A,#N/A,#N/A,#N/A,#N/A,#N/A,123456,#N/A,#N/A,#N/A,#N/A,#N/A,#N/A,#N/A,#N/A,#N/A,#N/A,#N/A,#N/A,#N/A,#N/A,#N/A
ffcdeb1d-6593-4310-a0ba-06b2e836f4e0,Contact,Validate,Mr.,#N/A,#N/A,#N/A,#N/A,#N/A,#N/A,#N/A,#N/A,#N/A,#N/A,#N/A,#N/A,#N/A,#N/A,#N/A,#N/A,123,#N/A,#N/A,#N/A,#N/A,#N/A,#N/A,#N/A,#N/A,#N/A,#N/A,#N/A,#N/A,#N/A,#N/A,#N/A
366f838a-2fde-43ef-b5bf-818a683870fb,Doe,John,#N/A,#N/A,#N/A,#N/A,#N/A,#N/A,#N/A,#N/A,#N/A,#N/A,#N/A,#N/A,#N/A,#N/A,#N/A,#N/A,#N/A,#N/A,#N/A,#N/A,#N/A,#N/A,#N/A,#N/A,#N/A,#N/A,#N/A,#N/A,#N/A,#N/A,#N/A,#N/A,#N/A
c519d84c-f789-432c-957a-e6af2bb73349,Contact,Validate,Mr.,#N/A,#N/A,#N/A,#N/A,#N/A,#N/A,#N/A,#N/A,#N/A,#N/A,#N/A,#N/A,#N/A,#N/A,#N/A,#N/A,123,#N/A,#N/A,#N/A,#N/A,#N/A,#N/A,#N/A,#N/A,#N/A,#N/A,#N/A,#N/A,#N/A,#N/A,#N/A
038f6160-ab6b-46a2-91e0-b3bed1928c3e,Tomlin,Leanne,#N/A,#N/A,#N/A,#N/A,#N/A,#N/A,#N/A,#N/A,#N/A,10 Main Rd.,New York,NY,31349,USA,#N/A,#N/A,#N/A,(212) 555-5555,(212) 555-5555,#N/A,#N/A,#N/A,#N/A,info@salesforce.com.invalid,VP Customer Support,#N/A,#N/A,#N/A,#N/A,#N/A,#N/A,#N/A,#N/A
617912c5-4694-4917-ba81-6c85f7d4446f,Surname,Name,Dr.,#N/A,#N/A,#N/A,#N/A,#N/A,#N/A,#N/A,#N/A,#N/A,#N/A,#N/A,#N/A,#N/A,#N/A,#N/A,#N/A,#N/A,#N/A,#N/A,#N/A,#N/A,#N/A,#N/A,#N/A,#N/A,#N/A,#N/A,#N/A,#N/A,#N/A,#N/A,#N/A
a50b7f61-3c9d-4219-9410-1b024954a5c8,X,PErson,#N/A,#N/A,#N/A,#N/A,#N/A,#N/A,#N/A,#N/A,#N/A,#N/A,#N/A,#N/A,#N/A,#N/A,#N/A,#N/A,#N/A,#N/A,#N/A,#N/A,#N/A,#N/A,#N/A,#N/A,#N/A,#N/A,#N/A,#N/A,#N/A,#N/A,#N/A,#N/A,#N/A
d6733b46-40e3-4795-b33c-ff10e1839b73,Contact,Validate,Mr.,#N/A,#N/A,#N/A,#N/A,#N/A,#N/A,#N/A,#N/A,#N/A,#N/A,#N/A,#N/A,#N/A,#N/A,#N/A,#N/A,123,#N/A,#N/A,#N/A,#N/A,#N/A,#N/A,#N/A,#N/A,#N/A,#N/A,#N/A,#N/A,#N/A,#N/A,#N/A
